{
  "n_samples": 90,
  "n_peptides": 10,
  "positive_rate": 0.4444444444444444,
  "loo_auc": 0.87825,
  "leave_one_peptide_auc": 0.8775,
  "per_peptide_auc": {
    "P05": null,
    "P10": null,
    "P11": 0.9,
    "P12": 0.9545454545454546,
    "P13": 0.875,
    "P14": 0.875,
    "P15": 0.8333333333333334,
    "P16": 0.95,
    "P17": 0.8,
    "P18": 0.6666666666666667
  },
  "loo_classification_report": {
    "0": {
      "precision": 0.9069767441860465,
      "recall": 0.78,
      "f1-score": 0.8387096774193549,
      "support": 50.0
    },
    "1": {
      "precision": 0.7659574468085106,
      "recall": 0.9,
      "f1-score": 0.8275862068965517,
      "support": 40.0
    },
    "accuracy": 0.8333333333333334,
    "macro avg": {
      "precision": 0.8364670954972786,
      "recall": 0.8400000000000001,
      "f1-score": 0.8331479421579533,
      "support": 90.0
    },
    "weighted avg": {
      "precision": 0.8443015009071416,
      "recall": 0.8333333333333334,
      "f1-score": 0.8337659127425534,
      "support": 90.0
    }
  },
  "leave_one_peptide_classification_report": {
    "0": {
      "precision": 0.8,
      "recall": 0.72,
      "f1-score": 0.7578947368421053,
      "support": 50.0
    },
    "1": {
      "precision": 0.6888888888888889,
      "recall": 0.775,
      "f1-score": 0.7294117647058823,
      "support": 40.0
    },
    "accuracy": 0.7444444444444445,
    "macro avg": {
      "precision": 0.7444444444444445,
      "recall": 0.7475,
      "f1-score": 0.7436532507739938,
      "support": 90.0
    },
    "weighted avg": {
      "precision": 0.7506172839506173,
      "recall": 0.7444444444444445,
      "f1-score": 0.7452356381148951,
      "support": 90.0
    }
  },
  "features": [
    "q_peptide",
    "h_peptide",
    "mu_h_peptide",
    "surface_charge",
    "anionic_fraction",
    "cholesterol",
    "lps",
    "peptidoglycan",
    "ergosterol",
    "viral_envelope",
    "pmi"
  ],
  "label_rule": "MIC <= 3.4 uM => alta atividade",
  "calibration": "isotonic_on_leave_one_peptide_oof",
  "model_type": "RandomForest baseline (cl\u00e1ssicas + PMI)"
}